{
  "css/style.css": 1608150335524,
  "manifest.json": 1608167747348,
  "model/models.js": 1608150335528,
  "controller/View1.controller.js": 1608150335524,
  "Component.js": 1608150335524,
  "manifest-bundle.zip": 1608167747092,
  "Component-preload.js": 1608167747317,
  "Component-dbg.js": 1608150335524,
  "controller/View1-dbg.controller.js": 1608150335524,
  "model/models-dbg.js": 1608150335528,
  "resources.json": 1608167747352,
  "view/View1.view.xml": 1608167723605,
  "i18n/i18n.properties": 1608160058689,
  "index.html": 1608160065993
}